scan_id,target_id,distractor_ids,utterance,stimulus_id,coarse_reference_type,reference_type,instance_type,anchors_types,anchor_ids,tokens,dataset,mentions_target_class,correct_guess,is_train
scene0592_01,6,"[7, 8, 31, 52, 54]",choose the sofa chair that is far from the doors,scene0592_01-sofa_chair-6-6-7-8-31-52-54,horizontal,farthest,sofa chair,['doors'],[20],"['choose', 'the', 'sofa', 'chair', 'that', 'is', 'far', 'from', 'the', 'doors']",sr3d,True,True,True
scene0673_02,40,[54],choose the bag that is closer to the tv,scene0673_02-bag-2-40-54,horizontal,closest,bag,['tv'],[5],"['choose', 'the', 'bag', 'that', 'is', 'closer', 'to', 'the', 'tv']",sr3d,True,True,True
scene0536_01,20,[19],select the table that is in the center of the stairs and the pillow,scene0536_01-table-2-20-19,between,between,table,"['stairs', 'pillow']","[8, 9]","['select', 'the', 'table', 'that', 'is', 'in', 'the', 'center', 'of', 'the', 'stairs', 'and', 'the', 'pillow']",sr3d,True,True,True
scene0181_02,16,"[8, 28, 29]",select the kitchen cabinets that are far from the couch,scene0181_02-kitchen_cabinets-4-16-8-28-29,horizontal,farthest,kitchen cabinets,['couch'],[4],"['select', 'the', 'kitchen', 'cabinets', 'that', 'are', 'far', 'from', 'the', 'couch']",sr3d,True,True,True
scene0352_02,34,[18],the shelf that is near the file cabinet,scene0352_02-shelf-2-34-18,horizontal,closest,shelf,['file cabinet'],[13],"['the', 'shelf', 'that', 'is', 'near', 'the', 'file', 'cabinet']",sr3d,True,True,True
scene0656_00,5,[4],"looking at the front of the nightstand, choose the curtain that is on the left side of it",scene0656_00-curtain-2-5-4,allocentric,left,curtain,['nightstand'],[21],"['looking', 'at', 'the', 'front', 'of', 'the', 'nightstand', 'choose', 'the', 'curtain', 'that', 'is', 'on', 'the', 'left', 'side', 'of', 'it']",sr3d,True,True,True
scene0271_00,1,[19],the cabinet that is farthest from the desk,scene0271_00-cabinet-2-1-19,horizontal,farthest,cabinet,['desk'],[24],"['the', 'cabinet', 'that', 'is', 'farthest', 'from', 'the', 'desk']",sr3d,True,True,True
scene0310_00,2,[25],find the door that is farthest from the microwave,scene0310_00-door-2-2-25,horizontal,farthest,door,['microwave'],[29],"['find', 'the', 'door', 'that', 'is', 'farthest', 'from', 'the', 'microwave']",sr3d,True,True,True
scene0528_01,9,"[7, 8]",select the office chair that is far away from the trash can,scene0528_01-office_chair-3-9-7-8,horizontal,farthest,office chair,['trash can'],[5],"['select', 'the', 'office', 'chair', 'that', 'is', 'far', 'away', 'from', 'the', 'trash', 'can']",sr3d,True,True,True
scene0141_02,19,"[31, 66]",choose the file cabinet that is closer to the radiator,scene0141_02-file_cabinet-3-19-31-66,horizontal,closest,file cabinet,['radiator'],[27],"['choose', 'the', 'file', 'cabinet', 'that', 'is', 'closer', 'to', 'the', 'radiator']",sr3d,True,True,True
scene0101_02,25,[24],choose the stool that is close to the closet,scene0101_02-stool-2-25-24,horizontal,closest,stool,['closet'],[71],"['choose', 'the', 'stool', 'that', 'is', 'close', 'to', 'the', 'closet']",sr3d,True,True,True
scene0340_01,12,[32],select the curtain that is farthest from the desk,scene0340_01-curtain-2-12-32,horizontal,farthest,curtain,['desk'],[23],"['select', 'the', 'curtain', 'that', 'is', 'farthest', 'from', 'the', 'desk']",sr3d,True,True,True
scene0114_01,8,[15],the table that is far from the window,scene0114_01-table-2-8-15,horizontal,farthest,table,['window'],[16],"['the', 'table', 'that', 'is', 'far', 'from', 'the', 'window']",sr3d,True,True,True
scene0505_02,23,"[29, 35, 38, 41]",find the monitor that is far away from the mouse,scene0505_02-monitor-5-23-29-35-38-41,horizontal,farthest,monitor,['mouse'],[43],"['find', 'the', 'monitor', 'that', 'is', 'far', 'away', 'from', 'the', 'mouse']",sr3d,True,True,True
scene0010_00,15,"[24, 40]",select the shelf that is near the keyboard,scene0010_00-shelf-3-15-24-40,horizontal,closest,shelf,['keyboard'],[61],"['select', 'the', 'shelf', 'that', 'is', 'near', 'the', 'keyboard']",sr3d,True,True,True
scene0640_02,16,[15],choose the table that is closer to the kitchen counter,scene0640_02-table-2-16-15,horizontal,closest,table,['kitchen counter'],[26],"['choose', 'the', 'table', 'that', 'is', 'closer', 'to', 'the', 'kitchen', 'counter']",sr3d,True,True,True
scene0383_02,16,"[17, 18]",choose the file cabinet that is far away from the telephone,scene0383_02-file_cabinet-3-16-17-18,horizontal,farthest,file cabinet,['telephone'],[22],"['choose', 'the', 'file', 'cabinet', 'that', 'is', 'far', 'away', 'from', 'the', 'telephone']",sr3d,True,True,True
scene0489_00,5,[6],choose the monitor that is in front of the chair,scene0489_00-monitor-2-5-6,allocentric,front,monitor,['chair'],[1],"['choose', 'the', 'monitor', 'that', 'is', 'in', 'front', 'of', 'the', 'chair']",sr3d,True,True,True
scene0241_02,2,[0],choose the cabinet that is farthest from the window,scene0241_02-cabinet-2-2-0,horizontal,farthest,cabinet,['window'],[29],"['choose', 'the', 'cabinet', 'that', 'is', 'farthest', 'from', 'the', 'window']",sr3d,True,True,True
scene0341_00,42,[54],select the bookshelf that is close to the backpack,scene0341_00-bookshelf-2-42-54,horizontal,closest,bookshelf,['backpack'],[37],"['select', 'the', 'bookshelf', 'that', 'is', 'close', 'to', 'the', 'backpack']",sr3d,True,True,True
scene0394_00,63,"[34, 35, 36, 41, 79]",choose the picture that is beside the lamp,scene0394_00-picture-6-63-34-35-36-41-79,horizontal,closest,picture,['lamp'],[61],"['choose', 'the', 'picture', 'that', 'is', 'beside', 'the', 'lamp']",sr3d,True,True,True
scene0000_00,35,[2],find the table that is far away from the kitchen counter,scene0000_00-table-2-35-2,horizontal,farthest,table,['kitchen counter'],[3],"['find', 'the', 'table', 'that', 'is', 'far', 'away', 'from', 'the', 'kitchen', 'counter']",sr3d,True,True,True
scene0078_02,8,[16],the door that is closer to the radiator,scene0078_02-door-2-8-16,horizontal,closest,door,['radiator'],[14],"['the', 'door', 'that', 'is', 'closer', 'to', 'the', 'radiator']",sr3d,True,True,True
scene0233_00,28,[29],find the cabinet that is far away from the laundry hamper,scene0233_00-cabinet-2-28-29,horizontal,farthest,cabinet,['laundry hamper'],[26],"['find', 'the', 'cabinet', 'that', 'is', 'far', 'away', 'from', 'the', 'laundry', 'hamper']",sr3d,True,True,True
scene0576_00,19,[18],find the book that is farthest from the lamp,scene0576_00-book-2-19-18,horizontal,farthest,book,['lamp'],[17],"['find', 'the', 'book', 'that', 'is', 'farthest', 'from', 'the', 'lamp']",sr3d,True,True,True
scene0392_01,43,[33],find the mirror that is near the refrigerator,scene0392_01-mirror-2-43-33,horizontal,closest,mirror,['refrigerator'],[35],"['find', 'the', 'mirror', 'that', 'is', 'near', 'the', 'refrigerator']",sr3d,True,True,True
scene0002_01,3,[4],select the plant that is near the tv,scene0002_01-plant-2-3-4,horizontal,closest,plant,['tv'],[0],"['select', 'the', 'plant', 'that', 'is', 'near', 'the', 'tv']",sr3d,True,True,True
scene0101_01,50,[47],find the backpack that is near the toilet,scene0101_01-backpack-2-50-47,horizontal,closest,backpack,['toilet'],[17],"['find', 'the', 'backpack', 'that', 'is', 'near', 'the', 'toilet']",sr3d,True,True,True
scene0582_01,19,[7],choose the whiteboard that is far from the couch,scene0582_01-whiteboard-2-19-7,horizontal,farthest,whiteboard,['couch'],[3],"['choose', 'the', 'whiteboard', 'that', 'is', 'far', 'from', 'the', 'couch']",sr3d,True,True,True
scene0630_03,39,[45],find the trash can that is farthest from the window,scene0630_03-trash_can-2-39-45,horizontal,farthest,trash can,['window'],[42],"['find', 'the', 'trash', 'can', 'that', 'is', 'farthest', 'from', 'the', 'window']",sr3d,True,True,True
scene0098_00,7,[6],choose the computer tower that is far from the door,scene0098_00-computer_tower-2-7-6,horizontal,farthest,computer tower,['door'],[18],"['choose', 'the', 'computer', 'tower', 'that', 'is', 'far', 'from', 'the', 'door']",sr3d,True,True,True
scene0622_01,3,[2],the table that is near the box,scene0622_01-table-2-3-2,horizontal,closest,table,['box'],[12],"['the', 'table', 'that', 'is', 'near', 'the', 'box']",sr3d,True,True,True
scene0116_02,13,[8],the toilet paper that is closer to the sink,scene0116_02-toilet_paper-2-13-8,horizontal,closest,toilet paper,['sink'],[12],"['the', 'toilet', 'paper', 'that', 'is', 'closer', 'to', 'the', 'sink']",sr3d,True,True,True
scene0464_00,6,[7],choose the trash can that is close to the plant,scene0464_00-trash_can-2-6-7,horizontal,closest,trash can,['plant'],[56],"['choose', 'the', 'trash', 'can', 'that', 'is', 'close', 'to', 'the', 'plant']",sr3d,True,True,True
scene0443_00,23,[31],select the computer tower that is far from the door,scene0443_00-computer_tower-2-23-31,horizontal,farthest,computer tower,['door'],[4],"['select', 'the', 'computer', 'tower', 'that', 'is', 'far', 'from', 'the', 'door']",sr3d,True,True,True
scene0220_00,39,[8],the door that is farthest from the kitchen counter,scene0220_00-door-2-39-8,horizontal,farthest,door,['kitchen counter'],[22],"['the', 'door', 'that', 'is', 'farthest', 'from', 'the', 'kitchen', 'counter']",sr3d,True,True,True
scene0296_01,40,"[6, 14, 39]",the person that is in the middle of the cabinet and the desk,scene0296_01-person-4-40-6-14-39,between,between,person,"['cabinet', 'desk']","[44, 50]","['the', 'person', 'that', 'is', 'in', 'the', 'middle', 'of', 'the', 'cabinet', 'and', 'the', 'desk']",sr3d,True,True,True
scene0143_02,14,[15],find the nightstand that is in the middle of the curtain and the pillow,scene0143_02-nightstand-2-14-15,between,between,nightstand,"['curtain', 'pillow']","[7, 22]","['find', 'the', 'nightstand', 'that', 'is', 'in', 'the', 'middle', 'of', 'the', 'curtain', 'and', 'the', 'pillow']",sr3d,True,True,True
scene0281_00,9,[4],the picture that is closer to the radiator,scene0281_00-picture-2-9-4,horizontal,closest,picture,['radiator'],[8],"['the', 'picture', 'that', 'is', 'closer', 'to', 'the', 'radiator']",sr3d,True,True,True
scene0400_00,5,[4],the shelf that is near the bed,scene0400_00-shelf-2-5-4,horizontal,closest,shelf,['bed'],[6],"['the', 'shelf', 'that', 'is', 'near', 'the', 'bed']",sr3d,True,True,True
scene0540_00,27,[5],select the kitchen cabinets that are far from the telephone,scene0540_00-kitchen_cabinets-2-27-5,horizontal,farthest,kitchen cabinets,['telephone'],[18],"['select', 'the', 'kitchen', 'cabinets', 'that', 'are', 'far', 'from', 'the', 'telephone']",sr3d,True,True,True
scene0276_00,14,[30],the door that is near the mirror,scene0276_00-door-2-14-30,horizontal,closest,door,['mirror'],[18],"['the', 'door', 'that', 'is', 'near', 'the', 'mirror']",sr3d,True,True,True
scene0239_00,4,[11],the picture that is far away from the backpack,scene0239_00-picture-2-4-11,horizontal,farthest,picture,['backpack'],[5],"['the', 'picture', 'that', 'is', 'far', 'away', 'from', 'the', 'backpack']",sr3d,True,True,True
scene0101_00,76,[86],choose the towel that is far away from the toilet paper,scene0101_00-towel-2-76-86,horizontal,farthest,towel,['toilet paper'],[88],"['choose', 'the', 'towel', 'that', 'is', 'far', 'away', 'from', 'the', 'toilet', 'paper']",sr3d,True,True,True
scene0419_01,37,[2],find the shelf that is closer to the laptop,scene0419_01-shelf-2-37-2,horizontal,closest,shelf,['laptop'],[51],"['find', 'the', 'shelf', 'that', 'is', 'closer', 'to', 'the', 'laptop']",sr3d,True,True,True
scene0555_00,22,[32],find the monitor that is close to the counter,scene0555_00-monitor-2-22-32,horizontal,closest,monitor,['counter'],[11],"['find', 'the', 'monitor', 'that', 'is', 'close', 'to', 'the', 'counter']",sr3d,True,True,True
scene0464_00,7,[6],find the trash can that is closer to the bookshelf,scene0464_00-trash_can-2-7-6,horizontal,closest,trash can,['bookshelf'],[53],"['find', 'the', 'trash', 'can', 'that', 'is', 'closer', 'to', 'the', 'bookshelf']",sr3d,True,True,True
scene0051_00,23,"[14, 33]",the window that is farthest from the blanket,scene0051_00-window-3-23-14-33,horizontal,farthest,window,['blanket'],[17],"['the', 'window', 'that', 'is', 'farthest', 'from', 'the', 'blanket']",sr3d,True,True,True
scene0270_00,42,[41],select the picture that is close to the bathroom vanity,scene0270_00-picture-2-42-41,horizontal,closest,picture,['bathroom vanity'],[17],"['select', 'the', 'picture', 'that', 'is', 'close', 'to', 'the', 'bathroom', 'vanity']",sr3d,True,True,True
scene0317_01,17,[19],the curtain that is beside the pillow,scene0317_01-curtain-2-17-19,horizontal,closest,curtain,['pillow'],[10],"['the', 'curtain', 'that', 'is', 'beside', 'the', 'pillow']",sr3d,True,True,True
scene0186_00,7,[2],select the window that is far away from the table,scene0186_00-window-2-7-2,horizontal,farthest,window,['table'],[25],"['select', 'the', 'window', 'that', 'is', 'far', 'away', 'from', 'the', 'table']",sr3d,True,True,True
scene0000_02,20,[21],the nightstand that is closer to the shower,scene0000_02-nightstand-2-20-21,horizontal,closest,nightstand,['shower'],[35],"['the', 'nightstand', 'that', 'is', 'closer', 'to', 'the', 'shower']",sr3d,True,True,True
scene0062_02,19,[18],find the rail that is near the sink,scene0062_02-rail-2-19-18,horizontal,closest,rail,['sink'],[16],"['find', 'the', 'rail', 'that', 'is', 'near', 'the', 'sink']",sr3d,True,True,True
scene0515_01,32,[61],choose the shelf that is far from the couch,scene0515_01-shelf-2-32-61,horizontal,farthest,shelf,['couch'],[46],"['choose', 'the', 'shelf', 'that', 'is', 'far', 'from', 'the', 'couch']",sr3d,True,True,True
scene0000_01,69,[70],the nightstand that is far from the sink,scene0000_01-nightstand-2-69-70,horizontal,farthest,nightstand,['sink'],[71],"['the', 'nightstand', 'that', 'is', 'far', 'from', 'the', 'sink']",sr3d,True,True,True
scene0581_00,35,[34],select the plant that is closer to the mirror,scene0581_00-plant-2-35-34,horizontal,closest,plant,['mirror'],[9],"['select', 'the', 'plant', 'that', 'is', 'closer', 'to', 'the', 'mirror']",sr3d,True,True,True
scene0047_00,11,"[12, 18]",the chair that is close to the refrigerator,scene0047_00-chair-3-11-12-18,horizontal,closest,chair,['refrigerator'],[4],"['the', 'chair', 'that', 'is', 'close', 'to', 'the', 'refrigerator']",sr3d,True,True,True
scene0250_01,36,"[5, 12]",the cabinet that is closer to the shelf,scene0250_01-cabinet-3-36-5-12,horizontal,closest,cabinet,['shelf'],[45],"['the', 'cabinet', 'that', 'is', 'closer', 'to', 'the', 'shelf']",sr3d,True,True,True
scene0211_01,5,[4],choose the file cabinet that is far away from the blackboard,scene0211_01-file_cabinet-2-5-4,horizontal,farthest,file cabinet,['blackboard'],[10],"['choose', 'the', 'file', 'cabinet', 'that', 'is', 'far', 'away', 'from', 'the', 'blackboard']",sr3d,True,True,True
scene0092_03,60,[37],find the bookshelf that is far away from the toilet,scene0092_03-bookshelf-2-60-37,horizontal,farthest,bookshelf,['toilet'],[68],"['find', 'the', 'bookshelf', 'that', 'is', 'far', 'away', 'from', 'the', 'toilet']",sr3d,True,True,True
scene0276_01,13,[41],find the door that is close to the bathtub,scene0276_01-door-2-13-41,horizontal,closest,door,['bathtub'],[11],"['find', 'the', 'door', 'that', 'is', 'close', 'to', 'the', 'bathtub']",sr3d,True,True,True
scene0178_00,25,[26],select the picture that is near the cabinets,scene0178_00-picture-2-25-26,horizontal,closest,picture,['cabinets'],[32],"['select', 'the', 'picture', 'that', 'is', 'near', 'the', 'cabinets']",sr3d,True,True,True
scene0166_00,5,"[14, 33]",find the door that is farthest from the desk,scene0166_00-door-3-5-14-33,horizontal,farthest,door,['desk'],[1],"['find', 'the', 'door', 'that', 'is', 'farthest', 'from', 'the', 'desk']",sr3d,True,True,True
scene0209_00,1,[0],select the bed that is close to the suitcase,scene0209_00-bed-2-1-0,horizontal,closest,bed,['suitcase'],[6],"['select', 'the', 'bed', 'that', 'is', 'close', 'to', 'the', 'suitcase']",sr3d,True,True,True
scene0515_00,39,[0],choose the sink that is far from the closet,scene0515_00-sink-2-39-0,horizontal,farthest,sink,['closet'],[3],"['choose', 'the', 'sink', 'that', 'is', 'far', 'from', 'the', 'closet']",sr3d,True,True,True
scene0381_00,3,[4],the armchair that is far away from the whiteboard,scene0381_00-armchair-2-3-4,horizontal,farthest,armchair,['whiteboard'],[8],"['the', 'armchair', 'that', 'is', 'far', 'away', 'from', 'the', 'whiteboard']",sr3d,True,True,True
scene0017_01,24,[22],find the computer tower that is closer to the window,scene0017_01-computer_tower-2-24-22,horizontal,closest,computer tower,['window'],[0],"['find', 'the', 'computer', 'tower', 'that', 'is', 'closer', 'to', 'the', 'window']",sr3d,True,True,True
scene0250_01,25,[40],choose the towel that is far from the bathtub,scene0250_01-towel-2-25-40,horizontal,farthest,towel,['bathtub'],[33],"['choose', 'the', 'towel', 'that', 'is', 'far', 'from', 'the', 'bathtub']",sr3d,True,True,True
scene0554_00,21,[20],the trash can that is far away from the radiator,scene0554_00-trash_can-2-21-20,horizontal,farthest,trash can,['radiator'],[4],"['the', 'trash', 'can', 'that', 'is', 'far', 'away', 'from', 'the', 'radiator']",sr3d,True,True,True
scene0126_00,1,[19],choose the shelf that is in the middle of the bookshelf and the window,scene0126_00-shelf-2-1-19,between,between,shelf,"['bookshelf', 'window']","[17, 20]","['choose', 'the', 'shelf', 'that', 'is', 'in', 'the', 'middle', 'of', 'the', 'bookshelf', 'and', 'the', 'window']",sr3d,True,True,True
scene0666_02,2,[1],select the bookshelf that is close to the chair,scene0666_02-bookshelf-2-2-1,horizontal,closest,bookshelf,['chair'],[3],"['select', 'the', 'bookshelf', 'that', 'is', 'close', 'to', 'the', 'chair']",sr3d,True,True,True
scene0340_01,34,[33],select the bed that is closer to the shoes,scene0340_01-bed-2-34-33,horizontal,closest,bed,['shoes'],[18],"['select', 'the', 'bed', 'that', 'is', 'closer', 'to', 'the', 'shoes']",sr3d,True,True,True
scene0261_00,30,[38],choose the towel that is below the light,scene0261_00-towel-2-30-38,vertical,below,towel,['light'],[29],"['choose', 'the', 'towel', 'that', 'is', 'below', 'the', 'light']",sr3d,True,True,True
scene0677_00,25,[16],the backpack that is far from the suitcase,scene0677_00-backpack-2-25-16,horizontal,farthest,backpack,['suitcase'],[6],"['the', 'backpack', 'that', 'is', 'far', 'from', 'the', 'suitcase']",sr3d,True,True,True
scene0178_00,5,"[4, 36]",find the chair that is closer to the cabinets,scene0178_00-chair-3-5-4-36,horizontal,closest,chair,['cabinets'],[32],"['find', 'the', 'chair', 'that', 'is', 'closer', 'to', 'the', 'cabinets']",sr3d,True,True,True
scene0041_00,16,[9],choose the blackboard that is farthest from the door,scene0041_00-blackboard-2-16-9,horizontal,farthest,blackboard,['door'],[10],"['choose', 'the', 'blackboard', 'that', 'is', 'farthest', 'from', 'the', 'door']",sr3d,True,True,True
scene0286_00,34,"[14, 30]",choose the window that is close to the suitcase,scene0286_00-window-3-34-14-30,horizontal,closest,window,['suitcase'],[44],"['choose', 'the', 'window', 'that', 'is', 'close', 'to', 'the', 'suitcase']",sr3d,True,True,True
scene0646_01,22,[8],select the door that is far from the end table,scene0646_01-door-2-22-8,horizontal,farthest,door,['end table'],[1],"['select', 'the', 'door', 'that', 'is', 'far', 'from', 'the', 'end', 'table']",sr3d,True,True,True
scene0630_02,30,[45],find the computer tower that is farthest from the table,scene0630_02-computer_tower-2-30-45,horizontal,farthest,computer tower,['table'],[39],"['find', 'the', 'computer', 'tower', 'that', 'is', 'farthest', 'from', 'the', 'table']",sr3d,True,True,True
scene0000_00,38,"[8, 39, 41, 42]","looking at the front of the microwave, pick the cabinet that is on the right of the microwave",scene0000_00-cabinet-5-38-8-39-41-42,allocentric,right,cabinet,['microwave'],[52],"['looking', 'at', 'the', 'front', 'of', 'the', 'microwave', 'pick', 'the', 'cabinet', 'that', 'is', 'on', 'the', 'right', 'of', 'the', 'microwave']",sr3d,True,True,True
scene0465_01,9,"[23, 30]",choose the window that is farthest from the refrigerator,scene0465_01-window-3-9-23-30,horizontal,farthest,window,['refrigerator'],[19],"['choose', 'the', 'window', 'that', 'is', 'farthest', 'from', 'the', 'refrigerator']",sr3d,True,True,True
scene0489_00,28,[27],select the keyboard that is closer to the window,scene0489_00-keyboard-2-28-27,horizontal,closest,keyboard,['window'],[30],"['select', 'the', 'keyboard', 'that', 'is', 'closer', 'to', 'the', 'window']",sr3d,True,True,True
scene0515_01,14,[11],the door that is in the middle of the toilet and the kitchen counter,scene0515_01-door-2-14-11,between,between,door,"['toilet', 'kitchen counter']","[45, 72]","['the', 'door', 'that', 'is', 'in', 'the', 'middle', 'of', 'the', 'toilet', 'and', 'the', 'kitchen', 'counter']",sr3d,True,True,True
scene0000_02,68,"[30, 31, 49]",the trash can that is far from the tv stand,scene0000_02-trash_can-4-68-30-31-49,horizontal,farthest,trash can,['tv stand'],[13],"['the', 'trash', 'can', 'that', 'is', 'far', 'from', 'the', 'tv', 'stand']",sr3d,True,True,True
scene0409_01,27,[22],the kitchen cabinets that are farthest from the paper towel dispenser,scene0409_01-kitchen_cabinets-2-27-22,horizontal,farthest,kitchen cabinets,['paper towel dispenser'],[18],"['the', 'kitchen', 'cabinets', 'that', 'are', 'farthest', 'from', 'the', 'paper', 'towel', 'dispenser']",sr3d,True,True,True
scene0320_01,33,[32],choose the monitor that is farthest from the desk,scene0320_01-monitor-2-33-32,horizontal,farthest,monitor,['desk'],[34],"['choose', 'the', 'monitor', 'that', 'is', 'farthest', 'from', 'the', 'desk']",sr3d,True,True,True
scene0395_00,30,[24],select the telephone that is far from the board,scene0395_00-telephone-2-30-24,horizontal,farthest,telephone,['board'],[41],"['select', 'the', 'telephone', 'that', 'is', 'far', 'from', 'the', 'board']",sr3d,True,True,True
scene0673_04,43,"[27, 47, 112]",choose the picture that is farthest from the kitchen cabinets,scene0673_04-picture-4-43-27-47-112,horizontal,farthest,picture,['kitchen cabinets'],[19],"['choose', 'the', 'picture', 'that', 'is', 'farthest', 'from', 'the', 'kitchen', 'cabinets']",sr3d,True,True,True
scene0294_00,5,[20],select the table that is closer to the window,scene0294_00-table-2-5-20,horizontal,closest,table,['window'],[18],"['select', 'the', 'table', 'that', 'is', 'closer', 'to', 'the', 'window']",sr3d,True,True,True
scene0656_00,10,[38],select the door that is near the board,scene0656_00-door-2-10-38,horizontal,closest,door,['board'],[31],"['select', 'the', 'door', 'that', 'is', 'near', 'the', 'board']",sr3d,True,True,True
scene0239_00,0,"[1, 2, 15]",select the couch that is near the backpack,scene0239_00-couch-4-0-1-2-15,horizontal,closest,couch,['backpack'],[5],"['select', 'the', 'couch', 'that', 'is', 'near', 'the', 'backpack']",sr3d,True,True,True
scene0296_00,32,[31],choose the shoes that are in the middle of the couch and the door,scene0296_00-shoes-2-32-31,between,between,shoes,"['couch', 'door']","[0, 35]","['choose', 'the', 'shoes', 'that', 'are', 'in', 'the', 'middle', 'of', 'the', 'couch', 'and', 'the', 'door']",sr3d,True,True,True
scene0010_01,32,"[0, 40, 53]",find the computer tower that is farthest from the bag,scene0010_01-computer_tower-4-32-0-40-53,horizontal,farthest,computer tower,['bag'],[52],"['find', 'the', 'computer', 'tower', 'that', 'is', 'farthest', 'from', 'the', 'bag']",sr3d,True,True,True
scene0380_01,7,"[5, 6]",find the chair that is beside the computer tower,scene0380_01-chair-3-7-5-6,horizontal,closest,chair,['computer tower'],[15],"['find', 'the', 'chair', 'that', 'is', 'beside', 'the', 'computer', 'tower']",sr3d,True,True,True
scene0517_00,23,[64],choose the monitor that is far away from the coffee table,scene0517_00-monitor-2-23-64,horizontal,farthest,monitor,['coffee table'],[27],"['choose', 'the', 'monitor', 'that', 'is', 'far', 'away', 'from', 'the', 'coffee', 'table']",sr3d,True,True,True
scene0515_01,20,[73],the sink that is close to the mirror,scene0515_01-sink-2-20-73,horizontal,closest,sink,['mirror'],[21],"['the', 'sink', 'that', 'is', 'close', 'to', 'the', 'mirror']",sr3d,True,True,True
scene0092_04,91,"[26, 27]",select the monitor that is far away from the board,scene0092_04-monitor-3-91-26-27,horizontal,farthest,monitor,['board'],[92],"['select', 'the', 'monitor', 'that', 'is', 'far', 'away', 'from', 'the', 'board']",sr3d,True,True,True
scene0588_02,21,[18],choose the cabinet that is far away from the window,scene0588_02-cabinet-2-21-18,horizontal,farthest,cabinet,['window'],[5],"['choose', 'the', 'cabinet', 'that', 'is', 'far', 'away', 'from', 'the', 'window']",sr3d,True,True,True
scene0096_01,37,[21],the mirror that is farthest from the window,scene0096_01-mirror-2-37-21,horizontal,farthest,mirror,['window'],[22],"['the', 'mirror', 'that', 'is', 'farthest', 'from', 'the', 'window']",sr3d,True,True,True
scene0320_03,7,[6],the trash can that is farthest from the backpack,scene0320_03-trash_can-2-7-6,horizontal,farthest,trash can,['backpack'],[16],"['the', 'trash', 'can', 'that', 'is', 'farthest', 'from', 'the', 'backpack']",sr3d,True,True,True
scene0344_00,7,[5],choose the table that is in the center of the couch and the end table,scene0344_00-table-2-7-5,between,between,table,"['couch', 'end table']","[8, 9]","['choose', 'the', 'table', 'that', 'is', 'in', 'the', 'center', 'of', 'the', 'couch', 'and', 'the', 'end', 'table']",sr3d,True,True,True
scene0515_00,46,[61],select the cabinet that is far from the mirror,scene0515_00-cabinet-2-46-61,horizontal,farthest,cabinet,['mirror'],[66],"['select', 'the', 'cabinet', 'that', 'is', 'far', 'from', 'the', 'mirror']",sr3d,True,True,True
scene0539_01,27,[32],find the toilet paper that is closer to the trash can,scene0539_01-toilet_paper-2-27-32,horizontal,closest,toilet paper,['trash can'],[7],"['find', 'the', 'toilet', 'paper', 'that', 'is', 'closer', 'to', 'the', 'trash', 'can']",sr3d,True,True,True
scene0279_00,6,[5],choose the nightstand that is farthest from the bag,scene0279_00-nightstand-2-6-5,horizontal,farthest,nightstand,['bag'],[34],"['choose', 'the', 'nightstand', 'that', 'is', 'farthest', 'from', 'the', 'bag']",sr3d,True,True,True
scene0200_01,9,[10],choose the door that is far away from the nightstand,scene0200_01-door-2-9-10,horizontal,farthest,door,['nightstand'],[0],"['choose', 'the', 'door', 'that', 'is', 'far', 'away', 'from', 'the', 'nightstand']",sr3d,True,True,True
scene0111_02,30,"[29, 31]",the light that is closer to the sink,scene0111_02-light-3-30-29-31,horizontal,closest,light,['sink'],[12],"['the', 'light', 'that', 'is', 'closer', 'to', 'the', 'sink']",sr3d,True,True,True
scene0416_03,13,[41],find the suitcase that is farthest from the trash can,scene0416_03-suitcase-2-13-41,horizontal,farthest,suitcase,['trash can'],[21],"['find', 'the', 'suitcase', 'that', 'is', 'farthest', 'from', 'the', 'trash', 'can']",sr3d,True,True,True
scene0281_00,28,[27],the table that is far away from the end table,scene0281_00-table-2-28-27,horizontal,farthest,table,['end table'],[18],"['the', 'table', 'that', 'is', 'far', 'away', 'from', 'the', 'end', 'table']",sr3d,True,True,True
scene0522_00,37,[40],choose the shelf that is close to the clothes dryer,scene0522_00-shelf-2-37-40,horizontal,closest,shelf,['clothes dryer'],[16],"['choose', 'the', 'shelf', 'that', 'is', 'close', 'to', 'the', 'clothes', 'dryer']",sr3d,True,True,True
scene0547_01,49,[38],the shoes that are next to the computer tower,scene0547_01-shoes-2-49-38,horizontal,closest,shoes,['computer tower'],[47],"['the', 'shoes', 'that', 'are', 'next', 'to', 'the', 'computer', 'tower']",sr3d,True,True,True
scene0348_02,6,"[3, 5]",find the kitchen cabinets that are close to the microwave,scene0348_02-kitchen_cabinets-3-6-3-5,horizontal,closest,kitchen cabinets,['microwave'],[15],"['find', 'the', 'kitchen', 'cabinets', 'that', 'are', 'close', 'to', 'the', 'microwave']",sr3d,True,True,True
scene0418_01,17,[16],find the doors that are far away from the shelf,scene0418_01-doors-2-17-16,horizontal,farthest,doors,['shelf'],[0],"['find', 'the', 'doors', 'that', 'are', 'far', 'away', 'from', 'the', 'shelf']",sr3d,True,True,True
scene0000_02,49,"[30, 31, 68]",find the trash can that is closer to the bed,scene0000_02-trash_can-4-49-30-31-68,horizontal,closest,trash can,['bed'],[12],"['find', 'the', 'trash', 'can', 'that', 'is', 'closer', 'to', 'the', 'bed']",sr3d,True,True,True
scene0517_00,10,[11],choose the trash can that is near the picture,scene0517_00-trash_can-2-10-11,horizontal,closest,trash can,['picture'],[34],"['choose', 'the', 'trash', 'can', 'that', 'is', 'near', 'the', 'picture']",sr3d,True,True,True
scene0667_00,5,"[4, 6, 7, 26]",choose the table that is beside the stool,scene0667_00-table-5-5-4-6-7-26,horizontal,closest,table,['stool'],[43],"['choose', 'the', 'table', 'that', 'is', 'beside', 'the', 'stool']",sr3d,True,True,True
scene0201_02,12,[11],choose the kitchen cabinet that is close to the couch,scene0201_02-kitchen_cabinet-2-12-11,horizontal,closest,kitchen cabinet,['couch'],[5],"['choose', 'the', 'kitchen', 'cabinet', 'that', 'is', 'close', 'to', 'the', 'couch']",sr3d,True,True,True
scene0515_01,14,[11],select the door that is in front of the toilet,scene0515_01-door-2-14-11,allocentric,front,door,['toilet'],[45],"['select', 'the', 'door', 'that', 'is', 'in', 'front', 'of', 'the', 'toilet']",sr3d,True,True,True
scene0604_00,8,[9],the cabinet that is farthest from the blanket,scene0604_00-cabinet-2-8-9,horizontal,farthest,cabinet,['blanket'],[31],"['the', 'cabinet', 'that', 'is', 'farthest', 'from', 'the', 'blanket']",sr3d,True,True,True
scene0515_00,26,[11],"looking the chair from the side you sit on it, choose the window that is on the right of this chair",scene0515_00-window-2-26-11,allocentric,right,window,['chair'],[20],"['looking', 'the', 'chair', 'from', 'the', 'side', 'you', 'sit', 'on', 'it', 'choose', 'the', 'window', 'that', 'is', 'on', 'the', 'right', 'of', 'this', 'chair']",sr3d,True,True,True
scene0706_00,18,[15],the lamp that is far from the nightstand,scene0706_00-lamp-2-18-15,horizontal,farthest,lamp,['nightstand'],[6],"['the', 'lamp', 'that', 'is', 'far', 'from', 'the', 'nightstand']",sr3d,True,True,True
scene0630_01,20,[19],choose the office chair that is closer to the mouse,scene0630_01-office_chair-2-20-19,horizontal,closest,office chair,['mouse'],[23],"['choose', 'the', 'office', 'chair', 'that', 'is', 'closer', 'to', 'the', 'mouse']",sr3d,True,True,True
scene0515_02,36,[39],select the stool that is in the center of the bathtub and the radiator,scene0515_02-stool-2-36-39,between,between,stool,"['bathtub', 'radiator']","[7, 30]","['select', 'the', 'stool', 'that', 'is', 'in', 'the', 'center', 'of', 'the', 'bathtub', 'and', 'the', 'radiator']",sr3d,True,True,True
scene0498_00,11,"[7, 12]",find the kitchen cabinets with a microwave on top of them,scene0498_00-kitchen_cabinets-3-11-7-12,support,supporting,kitchen cabinets,['microwave'],[6],"['find', 'the', 'kitchen', 'cabinets', 'with', 'a', 'microwave', 'on', 'top', 'of', 'them']",sr3d,True,True,True
scene0124_00,15,[16],select the light that is in the center of the picture and the sink,scene0124_00-light-2-15-16,between,between,light,"['picture', 'sink']","[9, 18]","['select', 'the', 'light', 'that', 'is', 'in', 'the', 'center', 'of', 'the', 'picture', 'and', 'the', 'sink']",sr3d,True,True,True
scene0489_01,1,"[2, 3]",select the chair that is farthest from the table,scene0489_01-chair-3-1-2-3,horizontal,farthest,chair,['table'],[5],"['select', 'the', 'chair', 'that', 'is', 'farthest', 'from', 'the', 'table']",sr3d,True,True,True
scene0410_00,10,"[5, 9, 13]",the towel that is over the toilet,scene0410_00-towel-4-10-5-9-13,vertical,above,towel,['toilet'],[7],"['the', 'towel', 'that', 'is', 'over', 'the', 'toilet']",sr3d,True,True,True
scene0226_01,10,[1],choose the coffee table that is far from the window,scene0226_01-coffee_table-2-10-1,horizontal,farthest,coffee table,['window'],[13],"['choose', 'the', 'coffee', 'table', 'that', 'is', 'far', 'from', 'the', 'window']",sr3d,True,True,True
scene0603_00,15,[17],choose the table that is near the computer tower,scene0603_00-table-2-15-17,horizontal,closest,table,['computer tower'],[45],"['choose', 'the', 'table', 'that', 'is', 'near', 'the', 'computer', 'tower']",sr3d,True,True,True
scene0323_01,7,[13],choose the microwave that is far away from the kitchen cabinet,scene0323_01-microwave-2-7-13,horizontal,farthest,microwave,['kitchen cabinet'],[3],"['choose', 'the', 'microwave', 'that', 'is', 'far', 'away', 'from', 'the', 'kitchen', 'cabinet']",sr3d,True,True,True
scene0515_00,37,[34],"looking at the front of the couch, choose the stool that is on the left of it",scene0515_00-stool-2-37-34,allocentric,left,stool,['couch'],[17],"['looking', 'at', 'the', 'front', 'of', 'the', 'couch', 'choose', 'the', 'stool', 'that', 'is', 'on', 'the', 'left', 'of', 'it']",sr3d,True,True,True
scene0673_02,59,"[49, 51]",choose the shoes that are near the laptop,scene0673_02-shoes-3-59-49-51,horizontal,closest,shoes,['laptop'],[7],"['choose', 'the', 'shoes', 'that', 'are', 'near', 'the', 'laptop']",sr3d,True,True,True
scene0397_00,4,[5],find the curtain that is in front of the bed,scene0397_00-curtain-2-4-5,allocentric,front,curtain,['bed'],[3],"['find', 'the', 'curtain', 'that', 'is', 'in', 'front', 'of', 'the', 'bed']",sr3d,True,True,True
scene0542_00,2,[1],select the kitchen cabinets that are near the window,scene0542_00-kitchen_cabinets-2-2-1,horizontal,closest,kitchen cabinets,['window'],[23],"['select', 'the', 'kitchen', 'cabinets', 'that', 'are', 'near', 'the', 'window']",sr3d,True,True,True
scene0141_00,14,"[15, 16, 17]",the monitor that is far from the computer tower,scene0141_00-monitor-4-14-15-16-17,horizontal,farthest,monitor,['computer tower'],[48],"['the', 'monitor', 'that', 'is', 'far', 'from', 'the', 'computer', 'tower']",sr3d,True,True,True
scene0472_00,23,[6],choose the door that is in the middle of the stove and the nightstand,scene0472_00-door-2-23-6,between,between,door,"['stove', 'nightstand']","[10, 12]","['choose', 'the', 'door', 'that', 'is', 'in', 'the', 'middle', 'of', 'the', 'stove', 'and', 'the', 'nightstand']",sr3d,True,True,True
scene0051_03,27,[32],select the pillow that is far from the desk,scene0051_03-pillow-2-27-32,horizontal,farthest,pillow,['desk'],[44],"['select', 'the', 'pillow', 'that', 'is', 'far', 'from', 'the', 'desk']",sr3d,True,True,True
scene0062_00,22,"[13, 14]",find the toilet paper that is far from the paper towel dispenser,scene0062_00-toilet_paper-3-22-13-14,horizontal,farthest,toilet paper,['paper towel dispenser'],[10],"['find', 'the', 'toilet', 'paper', 'that', 'is', 'far', 'from', 'the', 'paper', 'towel', 'dispenser']",sr3d,True,True,True
scene0301_00,21,[17],the stool that is next to the tv,scene0301_00-stool-2-21-17,horizontal,closest,stool,['tv'],[9],"['the', 'stool', 'that', 'is', 'next', 'to', 'the', 'tv']",sr3d,True,True,True
scene0515_00,54,[44],choose the backpack that is close to the table,scene0515_00-backpack-2-54-44,horizontal,closest,backpack,['table'],[52],"['choose', 'the', 'backpack', 'that', 'is', 'close', 'to', 'the', 'table']",sr3d,True,True,True
scene0439_01,13,[14],the towel that is near the oven,scene0439_01-towel-2-13-14,horizontal,closest,towel,['oven'],[6],"['the', 'towel', 'that', 'is', 'near', 'the', 'oven']",sr3d,True,True,True
scene0395_00,28,"[22, 27]",find the file cabinet that is far from the couch,scene0395_00-file_cabinet-3-28-22-27,horizontal,farthest,file cabinet,['couch'],[1],"['find', 'the', 'file', 'cabinet', 'that', 'is', 'far', 'from', 'the', 'couch']",sr3d,True,True,True
scene0698_01,16,[19],the nightstand that is next to the couch,scene0698_01-nightstand-2-16-19,horizontal,closest,nightstand,['couch'],[36],"['the', 'nightstand', 'that', 'is', 'next', 'to', 'the', 'couch']",sr3d,True,True,True
scene0419_02,38,[39],choose the couch that is closer to the backpack,scene0419_02-couch-2-38-39,horizontal,closest,couch,['backpack'],[58],"['choose', 'the', 'couch', 'that', 'is', 'closer', 'to', 'the', 'backpack']",sr3d,True,True,True
scene0261_03,3,[4],the door that is close to the trash can,scene0261_03-door-2-3-4,horizontal,closest,door,['trash can'],[9],"['the', 'door', 'that', 'is', 'close', 'to', 'the', 'trash', 'can']",sr3d,True,True,True
scene0425_01,18,[17],"looking at the front of the bed, choose the chair that is to the right of it",scene0425_01-chair-2-18-17,allocentric,right,chair,['bed'],[11],"['looking', 'at', 'the', 'front', 'of', 'the', 'bed', 'choose', 'the', 'chair', 'that', 'is', 'to', 'the', 'right', 'of', 'it']",sr3d,True,True,True
scene0419_02,38,[39],select the couch that is closer to the coffee table,scene0419_02-couch-2-38-39,horizontal,closest,couch,['coffee table'],[51],"['select', 'the', 'couch', 'that', 'is', 'closer', 'to', 'the', 'coffee', 'table']",sr3d,True,True,True
scene0515_00,34,[37],find the stool that is between the chair and the stove,scene0515_00-stool-2-34-37,between,between,stool,"['chair', 'stove']","[20, 42]","['find', 'the', 'stool', 'that', 'is', 'between', 'the', 'chair', 'and', 'the', 'stove']",sr3d,True,True,True
scene0101_00,84,[81],choose the door that is near the toilet,scene0101_00-door-2-84-81,horizontal,closest,door,['toilet'],[30],"['choose', 'the', 'door', 'that', 'is', 'near', 'the', 'toilet']",sr3d,True,True,True
scene0380_01,26,[25],find the radiator that is next to the computer tower,scene0380_01-radiator-2-26-25,horizontal,closest,radiator,['computer tower'],[15],"['find', 'the', 'radiator', 'that', 'is', 'next', 'to', 'the', 'computer', 'tower']",sr3d,True,True,True
scene0181_02,12,"[11, 35]",select the window that is farthest from the couch,scene0181_02-window-3-12-11-35,horizontal,farthest,window,['couch'],[4],"['select', 'the', 'window', 'that', 'is', 'farthest', 'from', 'the', 'couch']",sr3d,True,True,True
scene0331_00,3,[28],choose the desk that is close to the plant,scene0331_00-desk-2-3-28,horizontal,closest,desk,['plant'],[25],"['choose', 'the', 'desk', 'that', 'is', 'close', 'to', 'the', 'plant']",sr3d,True,True,True
scene0271_00,27,"[16, 28, 32, 38]",the picture that is beside the lamp,scene0271_00-picture-5-27-16-28-32-38,horizontal,closest,picture,['lamp'],[22],"['the', 'picture', 'that', 'is', 'beside', 'the', 'lamp']",sr3d,True,True,True
scene0630_02,23,[10],choose the bookshelf that is close to the whiteboard,scene0630_02-bookshelf-2-23-10,horizontal,closest,bookshelf,['whiteboard'],[27],"['choose', 'the', 'bookshelf', 'that', 'is', 'close', 'to', 'the', 'whiteboard']",sr3d,True,True,True
scene0398_00,6,[7],choose the bed that is closer to the chair,scene0398_00-bed-2-6-7,horizontal,closest,bed,['chair'],[0],"['choose', 'the', 'bed', 'that', 'is', 'closer', 'to', 'the', 'chair']",sr3d,True,True,True
scene0151_00,18,"[34, 37, 39]",the door that is closer to the coffee table,scene0151_00-door-4-18-34-37-39,horizontal,closest,door,['coffee table'],[10],"['the', 'door', 'that', 'is', 'closer', 'to', 'the', 'coffee', 'table']",sr3d,True,True,True
scene0323_01,11,[30],the trash can that is next to the recycling bin,scene0323_01-trash_can-2-11-30,horizontal,closest,trash can,['recycling bin'],[1],"['the', 'trash', 'can', 'that', 'is', 'next', 'to', 'the', 'recycling', 'bin']",sr3d,True,True,True
scene0274_00,11,[17],select the window that is closer to the box,scene0274_00-window-2-11-17,horizontal,closest,window,['box'],[15],"['select', 'the', 'window', 'that', 'is', 'closer', 'to', 'the', 'box']",sr3d,True,True,True
scene0166_00,28,"[30, 42]",select the trash can that is near the monitor,scene0166_00-trash_can-3-28-30-42,horizontal,closest,trash can,['monitor'],[10],"['select', 'the', 'trash', 'can', 'that', 'is', 'near', 'the', 'monitor']",sr3d,True,True,True
scene0589_00,30,[8],the cabinet that is closer to the nightstand,scene0589_00-cabinet-2-30-8,horizontal,closest,cabinet,['nightstand'],[32],"['the', 'cabinet', 'that', 'is', 'closer', 'to', 'the', 'nightstand']",sr3d,True,True,True
scene0114_02,10,[0],select the window that is far from the radiator,scene0114_02-window-2-10-0,horizontal,farthest,window,['radiator'],[4],"['select', 'the', 'window', 'that', 'is', 'far', 'from', 'the', 'radiator']",sr3d,True,True,True
scene0309_01,17,[25],select the desk that is far from the printer,scene0309_01-desk-2-17-25,horizontal,farthest,desk,['printer'],[26],"['select', 'the', 'desk', 'that', 'is', 'far', 'from', 'the', 'printer']",sr3d,True,True,True
scene0220_02,9,[28],select the door that is near the kitchen cabinets,scene0220_02-door-2-9-28,horizontal,closest,door,['kitchen cabinets'],[48],"['select', 'the', 'door', 'that', 'is', 'near', 'the', 'kitchen', 'cabinets']",sr3d,True,True,True
scene0233_01,10,[31],choose the dresser that is near the blanket,scene0233_01-dresser-2-10-31,horizontal,closest,dresser,['blanket'],[15],"['choose', 'the', 'dresser', 'that', 'is', 'near', 'the', 'blanket']",sr3d,True,True,True
scene0487_00,25,"[26, 27]",find the table that is near the kitchen counter,scene0487_00-table-3-25-26-27,horizontal,closest,table,['kitchen counter'],[14],"['find', 'the', 'table', 'that', 'is', 'near', 'the', 'kitchen', 'counter']",sr3d,True,True,True
scene0331_01,36,[37],choose the laundry hamper that is between the chair and the bed,scene0331_01-laundry_hamper-2-36-37,between,between,laundry hamper,"['chair', 'bed']","[5, 15]","['choose', 'the', 'laundry', 'hamper', 'that', 'is', 'between', 'the', 'chair', 'and', 'the', 'bed']",sr3d,True,True,True
scene0106_00,36,[35],select the whiteboard that is closer to the window,scene0106_00-whiteboard-2-36-35,horizontal,closest,whiteboard,['window'],[22],"['select', 'the', 'whiteboard', 'that', 'is', 'closer', 'to', 'the', 'window']",sr3d,True,True,True
scene0114_01,20,"[2, 3, 28]",choose the chair that is in the center of the radiator and the plant,scene0114_01-chair-4-20-2-3-28,between,between,chair,"['radiator', 'plant']","[18, 24]","['choose', 'the', 'chair', 'that', 'is', 'in', 'the', 'center', 'of', 'the', 'radiator', 'and', 'the', 'plant']",sr3d,True,True,True
scene0137_00,24,[16],the lamp that is beside the picture,scene0137_00-lamp-2-24-16,horizontal,closest,lamp,['picture'],[23],"['the', 'lamp', 'that', 'is', 'beside', 'the', 'picture']",sr3d,True,True,True
scene0440_01,27,[24],find the dresser that is farthest from the window,scene0440_01-dresser-2-27-24,horizontal,farthest,dresser,['window'],[18],"['find', 'the', 'dresser', 'that', 'is', 'farthest', 'from', 'the', 'window']",sr3d,True,True,True
scene0585_00,27,[5],find the shelf that is farthest from the cabinet,scene0585_00-shelf-2-27-5,horizontal,farthest,shelf,['cabinet'],[3],"['find', 'the', 'shelf', 'that', 'is', 'farthest', 'from', 'the', 'cabinet']",sr3d,True,True,True
scene0419_00,7,[1],find the chair that is far from the tv,scene0419_00-chair-2-7-1,horizontal,farthest,chair,['tv'],[22],"['find', 'the', 'chair', 'that', 'is', 'far', 'from', 'the', 'tv']",sr3d,True,True,True
scene0101_00,33,[34],select the stool that is near the bed,scene0101_00-stool-2-33-34,horizontal,closest,stool,['bed'],[32],"['select', 'the', 'stool', 'that', 'is', 'near', 'the', 'bed']",sr3d,True,True,True
scene0191_01,8,[15],find the board that is next to the backpack,scene0191_01-board-2-8-15,horizontal,closest,board,['backpack'],[6],"['find', 'the', 'board', 'that', 'is', 'next', 'to', 'the', 'backpack']",sr3d,True,True,True
scene0042_00,1,[15],"facing the front of the toilet, select the bathroom stall door that is to the left of it",scene0042_00-bathroom_stall_door-2-1-15,allocentric,left,bathroom stall door,['toilet'],[0],"['facing', 'the', 'front', 'of', 'the', 'toilet', 'select', 'the', 'bathroom', 'stall', 'door', 'that', 'is', 'to', 'the', 'left', 'of', 'it']",sr3d,True,True,True
scene0476_02,22,"[12, 24, 28]",find the file cabinet that is in the middle of the cabinet and the table,scene0476_02-file_cabinet-4-22-12-24-28,between,between,file cabinet,"['cabinet', 'table']","[2, 8]","['find', 'the', 'file', 'cabinet', 'that', 'is', 'in', 'the', 'middle', 'of', 'the', 'cabinet', 'and', 'the', 'table']",sr3d,True,True,True
scene0392_00,33,[3],select the cabinet that is farthest from the counter,scene0392_00-cabinet-2-33-3,horizontal,farthest,cabinet,['counter'],[5],"['select', 'the', 'cabinet', 'that', 'is', 'farthest', 'from', 'the', 'counter']",sr3d,True,True,True
scene0416_01,71,[70],select the bed that is close to the laptop,scene0416_01-bed-2-71-70,horizontal,closest,bed,['laptop'],[49],"['select', 'the', 'bed', 'that', 'is', 'close', 'to', 'the', 'laptop']",sr3d,True,True,True
scene0209_02,28,"[27, 35, 37]",choose the door that is near the tv,scene0209_02-door-4-28-27-35-37,horizontal,closest,door,['tv'],[11],"['choose', 'the', 'door', 'that', 'is', 'near', 'the', 'tv']",sr3d,True,True,True
scene0152_00,12,"[11, 13, 27, 30]",find the plant that is in the middle of the doors and the table,scene0152_00-plant-5-12-11-13-27-30,between,between,plant,"['doors', 'table']","[16, 17]","['find', 'the', 'plant', 'that', 'is', 'in', 'the', 'middle', 'of', 'the', 'doors', 'and', 'the', 'table']",sr3d,True,True,True
scene0233_00,25,[24],select the chair that is far away from the laundry hamper,scene0233_00-chair-2-25-24,horizontal,farthest,chair,['laundry hamper'],[26],"['select', 'the', 'chair', 'that', 'is', 'far', 'away', 'from', 'the', 'laundry', 'hamper']",sr3d,True,True,True
scene0418_00,28,[0],select the chair that is far from the bed,scene0418_00-chair-2-28-0,horizontal,farthest,chair,['bed'],[19],"['select', 'the', 'chair', 'that', 'is', 'far', 'from', 'the', 'bed']",sr3d,True,True,True
scene0051_01,24,[23],the door that is near the laptop,scene0051_01-door-2-24-23,horizontal,closest,door,['laptop'],[33],"['the', 'door', 'that', 'is', 'near', 'the', 'laptop']",sr3d,True,True,True
scene0673_04,64,"[73, 82, 93, 99]",select the bag that is lying on the nightstand,scene0673_04-bag-5-64-73-82-93-99,support,supported-by,bag,['nightstand'],[63],"['select', 'the', 'bag', 'that', 'is', 'lying', 'on', 'the', 'nightstand']",sr3d,True,True,True
scene0510_00,31,[23],find the bathroom stall that is farthest from the radiator,scene0510_00-bathroom_stall-2-31-23,horizontal,farthest,bathroom stall,['radiator'],[0],"['find', 'the', 'bathroom', 'stall', 'that', 'is', 'farthest', 'from', 'the', 'radiator']",sr3d,True,True,True
scene0126_02,12,"[11, 15]",select the shelf that is close to the plant,scene0126_02-shelf-3-12-11-15,horizontal,closest,shelf,['plant'],[27],"['select', 'the', 'shelf', 'that', 'is', 'close', 'to', 'the', 'plant']",sr3d,True,True,True
scene0540_02,28,[27],"facing the front of the refrigerator, choose the kitchen cabinet that is to the left of it",scene0540_02-kitchen_cabinet-2-28-27,allocentric,left,kitchen cabinet,['refrigerator'],[16],"['facing', 'the', 'front', 'of', 'the', 'refrigerator', 'choose', 'the', 'kitchen', 'cabinet', 'that', 'is', 'to', 'the', 'left', 'of', 'it']",sr3d,True,True,True
scene0137_01,22,"[16, 19]",choose the lamp that is above the desk,scene0137_01-lamp-3-22-16-19,vertical,above,lamp,['desk'],[0],"['choose', 'the', 'lamp', 'that', 'is', 'above', 'the', 'desk']",sr3d,True,True,True
scene0141_02,7,[14],find the books that are close to the radiator,scene0141_02-books-2-7-14,horizontal,closest,books,['radiator'],[27],"['find', 'the', 'books', 'that', 'are', 'close', 'to', 'the', 'radiator']",sr3d,True,True,True
scene0114_00,14,[13],choose the desk that is close to the radiator,scene0114_00-desk-2-14-13,horizontal,closest,desk,['radiator'],[16],"['choose', 'the', 'desk', 'that', 'is', 'close', 'to', 'the', 'radiator']",sr3d,True,True,True
scene0673_05,29,[55],the pillow that is farthest from the coffee maker,scene0673_05-pillow-2-29-55,horizontal,farthest,pillow,['coffee maker'],[113],"['the', 'pillow', 'that', 'is', 'farthest', 'from', 'the', 'coffee', 'maker']",sr3d,True,True,True
scene0094_00,5,[20],choose the cabinet that is far away from the refrigerator,scene0094_00-cabinet-2-5-20,horizontal,farthest,cabinet,['refrigerator'],[15],"['choose', 'the', 'cabinet', 'that', 'is', 'far', 'away', 'from', 'the', 'refrigerator']",sr3d,True,True,True
scene0003_00,4,[2],the cabinet that is over the refrigerator,scene0003_00-cabinet-2-4-2,vertical,above,cabinet,['refrigerator'],[10],"['the', 'cabinet', 'that', 'is', 'over', 'the', 'refrigerator']",sr3d,True,True,True
scene0000_02,49,"[30, 31, 68]",select the trash can that is near the backpack,scene0000_02-trash_can-4-49-30-31-68,horizontal,closest,trash can,['backpack'],[29],"['select', 'the', 'trash', 'can', 'that', 'is', 'near', 'the', 'backpack']",sr3d,True,True,True
scene0547_00,3,"[32, 49]",select the shelf that is far away from the window,scene0547_00-shelf-3-3-32-49,horizontal,farthest,shelf,['window'],[40],"['select', 'the', 'shelf', 'that', 'is', 'far', 'away', 'from', 'the', 'window']",sr3d,True,True,True
scene0101_00,81,[84],the door that is far away from the bathroom vanity,scene0101_00-door-2-81-84,horizontal,farthest,door,['bathroom vanity'],[41],"['the', 'door', 'that', 'is', 'far', 'away', 'from', 'the', 'bathroom', 'vanity']",sr3d,True,True,True
scene0142_00,18,"[36, 38]","looking at the front of the shelf, pick the box that is on the left side of the shelf",scene0142_00-box-3-18-36-38,allocentric,left,box,['shelf'],[30],"['looking', 'at', 'the', 'front', 'of', 'the', 'shelf', 'pick', 'the', 'box', 'that', 'is', 'on', 'the', 'left', 'side', 'of', 'the', 'shelf']",sr3d,True,True,True
scene0521_00,22,"[16, 46]","looking at the front of the toilet, select the curtain that is on the left side of it",scene0521_00-curtain-3-22-16-46,allocentric,left,curtain,['toilet'],[12],"['looking', 'at', 'the', 'front', 'of', 'the', 'toilet', 'select', 'the', 'curtain', 'that', 'is', 'on', 'the', 'left', 'side', 'of', 'it']",sr3d,True,True,True
scene0398_00,21,[11],choose the wardrobe closet that is farthest from the chair,scene0398_00-wardrobe_closet-2-21-11,horizontal,farthest,wardrobe closet,['chair'],[0],"['choose', 'the', 'wardrobe', 'closet', 'that', 'is', 'farthest', 'from', 'the', 'chair']",sr3d,True,True,True
scene0429_00,8,[7],the cabinet that is closer to the toilet,scene0429_00-cabinet-2-8-7,horizontal,closest,cabinet,['toilet'],[4],"['the', 'cabinet', 'that', 'is', 'closer', 'to', 'the', 'toilet']",sr3d,True,True,True
scene0331_00,27,[63],choose the dresser that is far from the chair,scene0331_00-dresser-2-27-63,horizontal,farthest,dresser,['chair'],[39],"['choose', 'the', 'dresser', 'that', 'is', 'far', 'from', 'the', 'chair']",sr3d,True,True,True
scene0054_00,32,[70],choose the chair that is closer to the bathtub,scene0054_00-chair-2-32-70,horizontal,closest,chair,['bathtub'],[0],"['choose', 'the', 'chair', 'that', 'is', 'closer', 'to', 'the', 'bathtub']",sr3d,True,True,True
scene0270_01,14,[40],find the door that is far away from the microwave,scene0270_01-door-2-14-40,horizontal,farthest,door,['microwave'],[1],"['find', 'the', 'door', 'that', 'is', 'far', 'away', 'from', 'the', 'microwave']",sr3d,True,True,True
scene0529_00,14,[13],select the kitchen cabinets that are far away from the couch,scene0529_00-kitchen_cabinets-2-14-13,horizontal,farthest,kitchen cabinets,['couch'],[23],"['select', 'the', 'kitchen', 'cabinets', 'that', 'are', 'far', 'away', 'from', 'the', 'couch']",sr3d,True,True,True
scene0000_02,49,"[30, 31, 68]",the trash can that is in the center of the bed and the table,scene0000_02-trash_can-4-49-30-31-68,between,between,trash can,"['bed', 'table']","[12, 39]","['the', 'trash', 'can', 'that', 'is', 'in', 'the', 'center', 'of', 'the', 'bed', 'and', 'the', 'table']",sr3d,True,True,True
scene0539_00,35,"[6, 7, 28]",find the plant that is farthest from the sink,scene0539_00-plant-4-35-6-7-28,horizontal,farthest,plant,['sink'],[17],"['find', 'the', 'plant', 'that', 'is', 'farthest', 'from', 'the', 'sink']",sr3d,True,True,True
scene0016_02,28,[8],choose the box that is far from the shelf,scene0016_02-box-2-28-8,horizontal,farthest,box,['shelf'],[44],"['choose', 'the', 'box', 'that', 'is', 'far', 'from', 'the', 'shelf']",sr3d,True,True,True
scene0613_02,3,[10],select the cabinet that is near the lamp,scene0613_02-cabinet-2-3-10,horizontal,closest,cabinet,['lamp'],[32],"['select', 'the', 'cabinet', 'that', 'is', 'near', 'the', 'lamp']",sr3d,True,True,True
scene0151_01,11,[10],select the coffee table that is near the couch,scene0151_01-coffee_table-2-11-10,horizontal,closest,coffee table,['couch'],[6],"['select', 'the', 'coffee', 'table', 'that', 'is', 'near', 'the', 'couch']",sr3d,True,True,True
scene0416_03,29,[28],select the towel that is far from the sofa chair,scene0416_03-towel-2-29-28,horizontal,farthest,towel,['sofa chair'],[0],"['select', 'the', 'towel', 'that', 'is', 'far', 'from', 'the', 'sofa', 'chair']",sr3d,True,True,True
scene0279_00,6,[5],the nightstand that is farthest from the chair,scene0279_00-nightstand-2-6-5,horizontal,farthest,nightstand,['chair'],[10],"['the', 'nightstand', 'that', 'is', 'farthest', 'from', 'the', 'chair']",sr3d,True,True,True
scene0040_01,62,[52],the whiteboard that is farthest from the window,scene0040_01-whiteboard-2-62-52,horizontal,farthest,whiteboard,['window'],[14],"['the', 'whiteboard', 'that', 'is', 'farthest', 'from', 'the', 'window']",sr3d,True,True,True
scene0542_00,12,[11],select the kitchen counter that is close to the sink,scene0542_00-kitchen_counter-2-12-11,horizontal,closest,kitchen counter,['sink'],[4],"['select', 'the', 'kitchen', 'counter', 'that', 'is', 'close', 'to', 'the', 'sink']",sr3d,True,True,True
scene0138_00,9,"[1, 2, 4, 51]",choose the computer tower that is far away from the door,scene0138_00-computer_tower-5-9-1-2-4-51,horizontal,farthest,computer tower,['door'],[41],"['choose', 'the', 'computer', 'tower', 'that', 'is', 'far', 'away', 'from', 'the', 'door']",sr3d,True,True,True
scene0383_00,12,[18],choose the window that is close to the copier,scene0383_00-window-2-12-18,horizontal,closest,window,['copier'],[2],"['choose', 'the', 'window', 'that', 'is', 'close', 'to', 'the', 'copier']",sr3d,True,True,True
scene0238_01,22,"[1, 15]",find the file cabinet that is farthest from the shelf,scene0238_01-file_cabinet-3-22-1-15,horizontal,farthest,file cabinet,['shelf'],[40],"['find', 'the', 'file', 'cabinet', 'that', 'is', 'farthest', 'from', 'the', 'shelf']",sr3d,True,True,True
scene0556_00,9,[22],find the dresser that is beside the telephone,scene0556_00-dresser-2-9-22,horizontal,closest,dresser,['telephone'],[30],"['find', 'the', 'dresser', 'that', 'is', 'beside', 'the', 'telephone']",sr3d,True,True,True
scene0469_01,16,[33],choose the computer tower that is farthest from the backpack,scene0469_01-computer_tower-2-16-33,horizontal,farthest,computer tower,['backpack'],[2],"['choose', 'the', 'computer', 'tower', 'that', 'is', 'farthest', 'from', 'the', 'backpack']",sr3d,True,True,True
scene0313_01,8,[9],select the end table that is far from the chair,scene0313_01-end_table-2-8-9,horizontal,farthest,end table,['chair'],[1],"['select', 'the', 'end', 'table', 'that', 'is', 'far', 'from', 'the', 'chair']",sr3d,True,True,True
scene0096_02,13,"[0, 35, 45]",find the door that is closer to the stairs,scene0096_02-door-4-13-0-35-45,horizontal,closest,door,['stairs'],[39],"['find', 'the', 'door', 'that', 'is', 'closer', 'to', 'the', 'stairs']",sr3d,True,True,True
scene0089_00,12,[11],select the trash can that is farthest from the bookshelf,scene0089_00-trash_can-2-12-11,horizontal,farthest,trash can,['bookshelf'],[4],"['select', 'the', 'trash', 'can', 'that', 'is', 'farthest', 'from', 'the', 'bookshelf']",sr3d,True,True,True
scene0309_01,55,[39],select the picture that is close to the office chair,scene0309_01-picture-2-55-39,horizontal,closest,picture,['office chair'],[63],"['select', 'the', 'picture', 'that', 'is', 'close', 'to', 'the', 'office', 'chair']",sr3d,True,True,True
scene0038_00,0,[2],find the coffee table that is closer to the table,scene0038_00-coffee_table-2-0-2,horizontal,closest,coffee table,['table'],[1],"['find', 'the', 'coffee', 'table', 'that', 'is', 'closer', 'to', 'the', 'table']",sr3d,True,True,True
scene0168_02,33,"[2, 24]",the chair that is far away from the table,scene0168_02-chair-3-33-2-24,horizontal,farthest,chair,['table'],[10],"['the', 'chair', 'that', 'is', 'far', 'away', 'from', 'the', 'table']",sr3d,True,True,True
scene0576_01,13,[21],"looking at the front of the shelf, choose the picture that is on the right of it",scene0576_01-picture-2-13-21,allocentric,right,picture,['shelf'],[10],"['looking', 'at', 'the', 'front', 'of', 'the', 'shelf', 'choose', 'the', 'picture', 'that', 'is', 'on', 'the', 'right', 'of', 'it']",sr3d,True,True,True
scene0515_00,61,[46],find the cabinet that is far from the microwave,scene0515_00-cabinet-2-61-46,horizontal,farthest,cabinet,['microwave'],[53],"['find', 'the', 'cabinet', 'that', 'is', 'far', 'from', 'the', 'microwave']",sr3d,True,True,True
scene0479_01,16,[30],select the box that is closer to the rack,scene0479_01-box-2-16-30,horizontal,closest,box,['rack'],[8],"['select', 'the', 'box', 'that', 'is', 'closer', 'to', 'the', 'rack']",sr3d,True,True,True
scene0109_00,11,[12],the box that is farthest from the copier,scene0109_00-box-2-11-12,horizontal,farthest,box,['copier'],[1],"['the', 'box', 'that', 'is', 'farthest', 'from', 'the', 'copier']",sr3d,True,True,True
scene0692_00,3,"[4, 5, 7, 8]",select the chair that is closer to the cabinet,scene0692_00-chair-5-3-4-5-7-8,horizontal,closest,chair,['cabinet'],[12],"['select', 'the', 'chair', 'that', 'is', 'closer', 'to', 'the', 'cabinet']",sr3d,True,True,True
scene0345_00,32,[26],choose the door that is closer to the trash can,scene0345_00-door-2-32-26,horizontal,closest,door,['trash can'],[29],"['choose', 'the', 'door', 'that', 'is', 'closer', 'to', 'the', 'trash', 'can']",sr3d,True,True,True
scene0051_02,0,[1],the door that is in the center of the blanket and the shower,scene0051_02-door-2-0-1,between,between,door,"['blanket', 'shower']","[6, 25]","['the', 'door', 'that', 'is', 'in', 'the', 'center', 'of', 'the', 'blanket', 'and', 'the', 'shower']",sr3d,True,True,True
scene0276_00,47,[46],choose the chair that is between the bed and the refrigerator,scene0276_00-chair-2-47-46,between,between,chair,"['bed', 'refrigerator']","[3, 4]","['choose', 'the', 'chair', 'that', 'is', 'between', 'the', 'bed', 'and', 'the', 'refrigerator']",sr3d,True,True,True
scene0677_02,20,[24],the book that is far away from the chair,scene0677_02-book-2-20-24,horizontal,farthest,book,['chair'],[7],"['the', 'book', 'that', 'is', 'far', 'away', 'from', 'the', 'chair']",sr3d,True,True,True
scene0186_01,11,[10],find the cabinet that is farthest from the printer,scene0186_01-cabinet-2-11-10,horizontal,farthest,cabinet,['printer'],[16],"['find', 'the', 'cabinet', 'that', 'is', 'farthest', 'from', 'the', 'printer']",sr3d,True,True,True
scene0628_02,5,[8],find the desk that is close to the trash can,scene0628_02-desk-2-5-8,horizontal,closest,desk,['trash can'],[21],"['find', 'the', 'desk', 'that', 'is', 'close', 'to', 'the', 'trash', 'can']",sr3d,True,True,True
scene0394_00,79,"[34, 35, 36, 41, 63]",find the picture that is farthest from the table,scene0394_00-picture-6-79-34-35-36-41-63,horizontal,farthest,picture,['table'],[4],"['find', 'the', 'picture', 'that', 'is', 'farthest', 'from', 'the', 'table']",sr3d,True,True,True
scene0419_01,22,[21],the chair that is next to the blinds,scene0419_01-chair-2-22-21,horizontal,closest,chair,['blinds'],[26],"['the', 'chair', 'that', 'is', 'next', 'to', 'the', 'blinds']",sr3d,True,True,True
scene0361_02,5,[8],the lamp that is far away from the table,scene0361_02-lamp-2-5-8,horizontal,farthest,lamp,['table'],[9],"['the', 'lamp', 'that', 'is', 'far', 'away', 'from', 'the', 'table']",sr3d,True,True,True
scene0000_00,40,[43],the kitchen cabinets that are close to the bed,scene0000_00-kitchen_cabinets-2-40-43,horizontal,closest,kitchen cabinets,['bed'],[37],"['the', 'kitchen', 'cabinets', 'that', 'are', 'close', 'to', 'the', 'bed']",sr3d,True,True,True
scene0457_01,23,"[19, 20, 21]","looking at the front of the desk, choose the picture that is on the right of it",scene0457_01-picture-4-23-19-20-21,allocentric,right,picture,['desk'],[5],"['looking', 'at', 'the', 'front', 'of', 'the', 'desk', 'choose', 'the', 'picture', 'that', 'is', 'on', 'the', 'right', 'of', 'it']",sr3d,True,True,True
scene0677_02,24,[20],select the book that is closer to the picture,scene0677_02-book-2-24-20,horizontal,closest,book,['picture'],[22],"['select', 'the', 'book', 'that', 'is', 'closer', 'to', 'the', 'picture']",sr3d,True,True,True
scene0614_01,3,[5],choose the keyboard that is close to the door,scene0614_01-keyboard-2-3-5,horizontal,closest,keyboard,['door'],[25],"['choose', 'the', 'keyboard', 'that', 'is', 'close', 'to', 'the', 'door']",sr3d,True,True,True
scene0642_01,53,[46],choose the toilet paper that is between the office chair and the toilet,scene0642_01-toilet_paper-2-53-46,between,between,toilet paper,"['office chair', 'toilet']","[4, 54]","['choose', 'the', 'toilet', 'paper', 'that', 'is', 'between', 'the', 'office', 'chair', 'and', 'the', 'toilet']",sr3d,True,True,True
scene0296_01,35,[36],the chair that is in the center of the curtain and the desk,scene0296_01-chair-2-35-36,between,between,chair,"['curtain', 'desk']","[32, 50]","['the', 'chair', 'that', 'is', 'in', 'the', 'center', 'of', 'the', 'curtain', 'and', 'the', 'desk']",sr3d,True,True,True
scene0288_01,11,[29],the door that is far away from the stove,scene0288_01-door-2-11-29,horizontal,farthest,door,['stove'],[24],"['the', 'door', 'that', 'is', 'far', 'away', 'from', 'the', 'stove']",sr3d,True,True,True
scene0547_01,43,"[14, 42]",the chair that is close to the dresser,scene0547_01-chair-3-43-14-42,horizontal,closest,chair,['dresser'],[22],"['the', 'chair', 'that', 'is', 'close', 'to', 'the', 'dresser']",sr3d,True,True,True
scene0335_00,17,"[13, 14, 16, 57]",select the kitchen cabinet that is farthest from the stove,scene0335_00-kitchen_cabinet-5-17-13-14-16-57,horizontal,farthest,kitchen cabinet,['stove'],[19],"['select', 'the', 'kitchen', 'cabinet', 'that', 'is', 'farthest', 'from', 'the', 'stove']",sr3d,True,True,True
scene0101_01,46,[23],select the pillow that is near the recycling bin,scene0101_01-pillow-2-46-23,horizontal,closest,pillow,['recycling bin'],[51],"['select', 'the', 'pillow', 'that', 'is', 'near', 'the', 'recycling', 'bin']",sr3d,True,True,True
scene0477_01,29,[58],select the door that is far away from the suitcase,scene0477_01-door-2-29-58,horizontal,farthest,door,['suitcase'],[55],"['select', 'the', 'door', 'that', 'is', 'far', 'away', 'from', 'the', 'suitcase']",sr3d,True,True,True
scene0642_02,9,"[6, 25]",the lamp that is near the tv,scene0642_02-lamp-3-9-6-25,horizontal,closest,lamp,['tv'],[24],"['the', 'lamp', 'that', 'is', 'near', 'the', 'tv']",sr3d,True,True,True
scene0673_04,33,[34],find the couch that is farthest from the nightstand,scene0673_04-couch-2-33-34,horizontal,farthest,couch,['nightstand'],[63],"['find', 'the', 'couch', 'that', 'is', 'farthest', 'from', 'the', 'nightstand']",sr3d,True,True,True
scene0341_01,6,[55],choose the whiteboard that is close to the trash can,scene0341_01-whiteboard-2-6-55,horizontal,closest,whiteboard,['trash can'],[42],"['choose', 'the', 'whiteboard', 'that', 'is', 'close', 'to', 'the', 'trash', 'can']",sr3d,True,True,True
scene0440_00,17,[16],choose the dresser that is close to the radiator,scene0440_00-dresser-2-17-16,horizontal,closest,dresser,['radiator'],[19],"['choose', 'the', 'dresser', 'that', 'is', 'close', 'to', 'the', 'radiator']",sr3d,True,True,True
scene0126_00,30,[4],select the office chair that is closer to the bookshelf,scene0126_00-office_chair-2-30-4,horizontal,closest,office chair,['bookshelf'],[17],"['select', 'the', 'office', 'chair', 'that', 'is', 'closer', 'to', 'the', 'bookshelf']",sr3d,True,True,True
scene0340_00,28,"[31, 39]",select the lamp that is above the nightstand,scene0340_00-lamp-3-28-31-39,vertical,above,lamp,['nightstand'],[26],"['select', 'the', 'lamp', 'that', 'is', 'above', 'the', 'nightstand']",sr3d,True,True,True
scene0261_00,5,"[2, 4]",find the door that is closer to the washing machine,scene0261_00-door-3-5-2-4,horizontal,closest,door,['washing machine'],[7],"['find', 'the', 'door', 'that', 'is', 'closer', 'to', 'the', 'washing', 'machine']",sr3d,True,True,True
scene0443_00,13,[14],the desk with a laptop on top,scene0443_00-desk-2-13-14,support,supporting,desk,['laptop'],[16],"['the', 'desk', 'with', 'a', 'laptop', 'on', 'top']",sr3d,True,True,True
scene0068_00,11,"[7, 33]",select the kitchen cabinets that are farthest from the coffee maker,scene0068_00-kitchen_cabinets-3-11-7-33,horizontal,farthest,kitchen cabinets,['coffee maker'],[38],"['select', 'the', 'kitchen', 'cabinets', 'that', 'are', 'farthest', 'from', 'the', 'coffee', 'maker']",sr3d,True,True,True
scene0656_01,25,[24],choose the pillow that is near the dresser,scene0656_01-pillow-2-25-24,horizontal,closest,pillow,['dresser'],[32],"['choose', 'the', 'pillow', 'that', 'is', 'near', 'the', 'dresser']",sr3d,True,True,True
scene0642_01,15,[39],choose the picture that is closer to the office chair,scene0642_01-picture-2-15-39,horizontal,closest,picture,['office chair'],[4],"['choose', 'the', 'picture', 'that', 'is', 'closer', 'to', 'the', 'office', 'chair']",sr3d,True,True,True
scene0384_00,16,[15],select the shelf that is close to the chair,scene0384_00-shelf-2-16-15,horizontal,closest,shelf,['chair'],[24],"['select', 'the', 'shelf', 'that', 'is', 'close', 'to', 'the', 'chair']",sr3d,True,True,True
scene0642_01,3,[2],find the bed that is far from the mirror,scene0642_01-bed-2-3-2,horizontal,farthest,bed,['mirror'],[50],"['find', 'the', 'bed', 'that', 'is', 'far', 'from', 'the', 'mirror']",sr3d,True,True,True
scene0233_01,4,"[3, 35]",the pillow that is near the fireplace,scene0233_01-pillow-3-4-3-35,horizontal,closest,pillow,['fireplace'],[44],"['the', 'pillow', 'that', 'is', 'near', 'the', 'fireplace']",sr3d,True,True,True
scene0309_01,16,[64],choose the person that is far away from the whiteboard,scene0309_01-person-2-16-64,horizontal,farthest,person,['whiteboard'],[1],"['choose', 'the', 'person', 'that', 'is', 'far', 'away', 'from', 'the', 'whiteboard']",sr3d,True,True,True
scene0516_01,17,"[12, 13, 14]",find the door that is over the curtain,scene0516_01-door-4-17-12-13-14,vertical,above,door,['curtain'],[44],"['find', 'the', 'door', 'that', 'is', 'over', 'the', 'curtain']",sr3d,True,True,True
scene0443_00,8,"[6, 7]",find the chair that is far away from the trash can,scene0443_00-chair-3-8-6-7,horizontal,farthest,chair,['trash can'],[11],"['find', 'the', 'chair', 'that', 'is', 'far', 'away', 'from', 'the', 'trash', 'can']",sr3d,True,True,True
scene0673_01,8,[26],choose the backpack that is in the middle of the lamp and the shelf,scene0673_01-backpack-2-8-26,between,between,backpack,"['lamp', 'shelf']","[4, 38]","['choose', 'the', 'backpack', 'that', 'is', 'in', 'the', 'middle', 'of', 'the', 'lamp', 'and', 'the', 'shelf']",sr3d,True,True,True
scene0515_01,14,[11],choose the door that is in the middle of the refrigerator and the bathtub,scene0515_01-door-2-14-11,between,between,door,"['refrigerator', 'bathtub']","[12, 40]","['choose', 'the', 'door', 'that', 'is', 'in', 'the', 'middle', 'of', 'the', 'refrigerator', 'and', 'the', 'bathtub']",sr3d,True,True,True
scene0623_00,22,[24],find the chair that is farthest from the couch,scene0623_00-chair-2-22-24,horizontal,farthest,chair,['couch'],[12],"['find', 'the', 'chair', 'that', 'is', 'farthest', 'from', 'the', 'couch']",sr3d,True,True,True
scene0381_01,2,[1],the armchair that is far from the couch,scene0381_01-armchair-2-2-1,horizontal,farthest,armchair,['couch'],[0],"['the', 'armchair', 'that', 'is', 'far', 'from', 'the', 'couch']",sr3d,True,True,True
scene0677_02,38,[30],choose the suitcase that is closer to the armchair,scene0677_02-suitcase-2-38-30,horizontal,closest,suitcase,['armchair'],[6],"['choose', 'the', 'suitcase', 'that', 'is', 'closer', 'to', 'the', 'armchair']",sr3d,True,True,True
scene0301_00,7,"[8, 28]",the curtain that is near the tv stand,scene0301_00-curtain-3-7-8-28,horizontal,closest,curtain,['tv stand'],[12],"['the', 'curtain', 'that', 'is', 'near', 'the', 'tv', 'stand']",sr3d,True,True,True
scene0517_02,41,[48],find the laundry hamper that is in the middle of the wardrobe closet and the couch,scene0517_02-laundry_hamper-2-41-48,between,between,laundry hamper,"['wardrobe closet', 'couch']","[6, 9]","['find', 'the', 'laundry', 'hamper', 'that', 'is', 'in', 'the', 'middle', 'of', 'the', 'wardrobe', 'closet', 'and', 'the', 'couch']",sr3d,True,True,True
scene0674_00,22,"[10, 23]",find the sign that is beside the cabinet,scene0674_00-sign-3-22-10-23,horizontal,closest,sign,['cabinet'],[7],"['find', 'the', 'sign', 'that', 'is', 'beside', 'the', 'cabinet']",sr3d,True,True,True
scene0590_00,1,[50],select the nightstand that is near the counter,scene0590_00-nightstand-2-1-50,horizontal,closest,nightstand,['counter'],[16],"['select', 'the', 'nightstand', 'that', 'is', 'near', 'the', 'counter']",sr3d,True,True,True
scene0419_02,21,"[17, 18, 24]",select the towel that is closer to the curtain,scene0419_02-towel-4-21-17-18-24,horizontal,closest,towel,['curtain'],[46],"['select', 'the', 'towel', 'that', 'is', 'closer', 'to', 'the', 'curtain']",sr3d,True,True,True
scene0419_00,14,[43],find the shelf that is closer to the table,scene0419_00-shelf-2-14-43,horizontal,closest,shelf,['table'],[39],"['find', 'the', 'shelf', 'that', 'is', 'closer', 'to', 'the', 'table']",sr3d,True,True,True
scene0111_01,2,"[7, 35]",choose the kitchen cabinets that are far from the telephone,scene0111_01-kitchen_cabinets-3-2-7-35,horizontal,farthest,kitchen cabinets,['telephone'],[41],"['choose', 'the', 'kitchen', 'cabinets', 'that', 'are', 'far', 'from', 'the', 'telephone']",sr3d,True,True,True
scene0673_03,27,[12],the chair that is close to the coffee table,scene0673_03-chair-2-27-12,horizontal,closest,chair,['coffee table'],[1],"['the', 'chair', 'that', 'is', 'close', 'to', 'the', 'coffee', 'table']",sr3d,True,True,True
scene0673_04,34,[33],choose the couch that is far from the laptop,scene0673_04-couch-2-34-33,horizontal,farthest,couch,['laptop'],[39],"['choose', 'the', 'couch', 'that', 'is', 'far', 'from', 'the', 'laptop']",sr3d,True,True,True
scene0517_01,32,[7],select the monitor that is farthest from the blanket,scene0517_01-monitor-2-32-7,horizontal,farthest,monitor,['blanket'],[59],"['select', 'the', 'monitor', 'that', 'is', 'farthest', 'from', 'the', 'blanket']",sr3d,True,True,True
scene0178_00,43,"[11, 35]",select the door that is far away from the cabinets,scene0178_00-door-3-43-11-35,horizontal,farthest,door,['cabinets'],[32],"['select', 'the', 'door', 'that', 'is', 'far', 'away', 'from', 'the', 'cabinets']",sr3d,True,True,True
scene0590_00,50,[1],"facing the front of the bed, pick the nightstand that is on the left side of the bed",scene0590_00-nightstand-2-50-1,allocentric,left,nightstand,['bed'],[12],"['facing', 'the', 'front', 'of', 'the', 'bed', 'pick', 'the', 'nightstand', 'that', 'is', 'on', 'the', 'left', 'side', 'of', 'the', 'bed']",sr3d,True,True,True
scene0261_01,15,[42],find the towel that is farthest from the board,scene0261_01-towel-2-15-42,horizontal,farthest,towel,['board'],[37],"['find', 'the', 'towel', 'that', 'is', 'farthest', 'from', 'the', 'board']",sr3d,True,True,True
scene0479_01,30,[16],the box that is next to the microwave,scene0479_01-box-2-30-16,horizontal,closest,box,['microwave'],[9],"['the', 'box', 'that', 'is', 'next', 'to', 'the', 'microwave']",sr3d,True,True,True
scene0515_01,32,[61],choose the shelf that is farthest from the desk,scene0515_01-shelf-2-32-61,horizontal,farthest,shelf,['desk'],[37],"['choose', 'the', 'shelf', 'that', 'is', 'farthest', 'from', 'the', 'desk']",sr3d,True,True,True
scene0106_00,7,[6],select the couch that is farthest from the window,scene0106_00-couch-2-7-6,horizontal,farthest,couch,['window'],[22],"['select', 'the', 'couch', 'that', 'is', 'farthest', 'from', 'the', 'window']",sr3d,True,True,True
scene0288_02,23,[19],select the door that is far from the stove,scene0288_02-door-2-23-19,horizontal,farthest,door,['stove'],[8],"['select', 'the', 'door', 'that', 'is', 'far', 'from', 'the', 'stove']",sr3d,True,True,True
scene0515_00,0,[39],find the sink that is far from the chair,scene0515_00-sink-2-0-39,horizontal,farthest,sink,['chair'],[20],"['find', 'the', 'sink', 'that', 'is', 'far', 'from', 'the', 'chair']",sr3d,True,True,True
scene0419_02,60,[9],choose the door that is near the coffee table,scene0419_02-door-2-60-9,horizontal,closest,door,['coffee table'],[51],"['choose', 'the', 'door', 'that', 'is', 'near', 'the', 'coffee', 'table']",sr3d,True,True,True
scene0673_04,82,"[64, 73, 93, 99]",find the bag that is close to the tv stand,scene0673_04-bag-5-82-64-73-93-99,horizontal,closest,bag,['tv stand'],[17],"['find', 'the', 'bag', 'that', 'is', 'close', 'to', 'the', 'tv', 'stand']",sr3d,True,True,True
scene0166_00,19,[2],the bookshelf that is far away from the table,scene0166_00-bookshelf-2-19-2,horizontal,farthest,bookshelf,['table'],[22],"['the', 'bookshelf', 'that', 'is', 'far', 'away', 'from', 'the', 'table']",sr3d,True,True,True
scene0673_05,4,[60],the picture that is close to the window,scene0673_05-picture-2-4-60,horizontal,closest,picture,['window'],[37],"['the', 'picture', 'that', 'is', 'close', 'to', 'the', 'window']",sr3d,True,True,True
scene0362_00,25,[11],find the door that is far away from the desk,scene0362_00-door-2-25-11,horizontal,farthest,door,['desk'],[0],"['find', 'the', 'door', 'that', 'is', 'far', 'away', 'from', 'the', 'desk']",sr3d,True,True,True
scene0529_00,9,"[8, 10]",select the chair that is near the refrigerator,scene0529_00-chair-3-9-8-10,horizontal,closest,chair,['refrigerator'],[6],"['select', 'the', 'chair', 'that', 'is', 'near', 'the', 'refrigerator']",sr3d,True,True,True
scene0477_01,1,[62],choose the window that is near the backpack,scene0477_01-window-2-1-62,horizontal,closest,window,['backpack'],[17],"['choose', 'the', 'window', 'that', 'is', 'near', 'the', 'backpack']",sr3d,True,True,True
scene0110_01,21,[16],select the bed that is closer to the backpack,scene0110_01-bed-2-21-16,horizontal,closest,bed,['backpack'],[2],"['select', 'the', 'bed', 'that', 'is', 'closer', 'to', 'the', 'backpack']",sr3d,True,True,True
scene0092_01,30,"[26, 31]",choose the monitor that is near the pillow,scene0092_01-monitor-3-30-26-31,horizontal,closest,monitor,['pillow'],[29],"['choose', 'the', 'monitor', 'that', 'is', 'near', 'the', 'pillow']",sr3d,True,True,True
scene0166_02,37,[4],the chair that is far away from the end table,scene0166_02-chair-2-37-4,horizontal,farthest,chair,['end table'],[11],"['the', 'chair', 'that', 'is', 'far', 'away', 'from', 'the', 'end', 'table']",sr3d,True,True,True
scene0505_00,46,"[9, 31]",find the shelf that is far from the whiteboard,scene0505_00-shelf-3-46-9-31,horizontal,farthest,shelf,['whiteboard'],[56],"['find', 'the', 'shelf', 'that', 'is', 'far', 'from', 'the', 'whiteboard']",sr3d,True,True,True
scene0002_00,19,"[18, 20]",find the chair that is in the middle of the fireplace and the couch,scene0002_00-chair-3-19-18-20,between,between,chair,"['fireplace', 'couch']","[15, 56]","['find', 'the', 'chair', 'that', 'is', 'in', 'the', 'middle', 'of', 'the', 'fireplace', 'and', 'the', 'couch']",sr3d,True,True,True
scene0614_01,28,[27],choose the shelf that is in the middle of the radiator and the door,scene0614_01-shelf-2-28-27,between,between,shelf,"['radiator', 'door']","[9, 25]","['choose', 'the', 'shelf', 'that', 'is', 'in', 'the', 'middle', 'of', 'the', 'radiator', 'and', 'the', 'door']",sr3d,True,True,True
scene0247_01,8,[7],the couch that is in the center of the sofa chair and the cabinet,scene0247_01-couch-2-8-7,between,between,couch,"['sofa chair', 'cabinet']","[12, 19]","['the', 'couch', 'that', 'is', 'in', 'the', 'center', 'of', 'the', 'sofa', 'chair', 'and', 'the', 'cabinet']",sr3d,True,True,True
scene0010_00,55,"[10, 54]",the file cabinet that is far from the table,scene0010_00-file_cabinet-3-55-10-54,horizontal,farthest,file cabinet,['table'],[53],"['the', 'file', 'cabinet', 'that', 'is', 'far', 'from', 'the', 'table']",sr3d,True,True,True
scene0175_00,9,[10],the door that is farthest from the trash can,scene0175_00-door-2-9-10,horizontal,farthest,door,['trash can'],[39],"['the', 'door', 'that', 'is', 'farthest', 'from', 'the', 'trash', 'can']",sr3d,True,True,True
scene0313_01,7,"[0, 6]",find the couch that is closer to the bench,scene0313_01-couch-3-7-0-6,horizontal,closest,couch,['bench'],[10],"['find', 'the', 'couch', 'that', 'is', 'closer', 'to', 'the', 'bench']",sr3d,True,True,True
scene0126_00,10,[9],choose the monitor that is far away from the radiator,scene0126_00-monitor-2-10-9,horizontal,farthest,monitor,['radiator'],[7],"['choose', 'the', 'monitor', 'that', 'is', 'far', 'away', 'from', 'the', 'radiator']",sr3d,True,True,True
scene0281_00,17,"[15, 16]",choose the couch that is far away from the end table,scene0281_00-couch-3-17-15-16,horizontal,farthest,couch,['end table'],[18],"['choose', 'the', 'couch', 'that', 'is', 'far', 'away', 'from', 'the', 'end', 'table']",sr3d,True,True,True
scene0191_01,16,[11],choose the whiteboard that is closer to the shelf,scene0191_01-whiteboard-2-16-11,horizontal,closest,whiteboard,['shelf'],[1],"['choose', 'the', 'whiteboard', 'that', 'is', 'closer', 'to', 'the', 'shelf']",sr3d,True,True,True
scene0059_00,6,[7],choose the table that is near the water cooler,scene0059_00-table-2-6-7,horizontal,closest,table,['water cooler'],[30],"['choose', 'the', 'table', 'that', 'is', 'near', 'the', 'water', 'cooler']",sr3d,True,True,True
scene0034_01,10,[40],the door that is near the toilet,scene0034_01-door-2-10-40,horizontal,closest,door,['toilet'],[9],"['the', 'door', 'that', 'is', 'near', 'the', 'toilet']",sr3d,True,True,True
scene0395_00,5,[21],the desk that is in the middle of the radiator and the bookshelf,scene0395_00-desk-2-5-21,between,between,desk,"['radiator', 'bookshelf']","[35, 40]","['the', 'desk', 'that', 'is', 'in', 'the', 'middle', 'of', 'the', 'radiator', 'and', 'the', 'bookshelf']",sr3d,True,True,True
scene0679_01,20,[32],the backpack that is beside the picture,scene0679_01-backpack-2-20-32,horizontal,closest,backpack,['picture'],[13],"['the', 'backpack', 'that', 'is', 'beside', 'the', 'picture']",sr3d,True,True,True
scene0220_02,22,[50],select the kitchen counter that is farthest from the microwave,scene0220_02-kitchen_counter-2-22-50,horizontal,farthest,kitchen counter,['microwave'],[53],"['select', 'the', 'kitchen', 'counter', 'that', 'is', 'farthest', 'from', 'the', 'microwave']",sr3d,True,True,True
scene0640_02,13,"[12, 21, 22, 46]",the kitchen cabinet that is beside the telephone,scene0640_02-kitchen_cabinet-5-13-12-21-22-46,horizontal,closest,kitchen cabinet,['telephone'],[42],"['the', 'kitchen', 'cabinet', 'that', 'is', 'beside', 'the', 'telephone']",sr3d,True,True,True
scene0092_02,13,[20],the bookshelf that is in the middle of the desk and the dresser,scene0092_02-bookshelf-2-13-20,between,between,bookshelf,"['desk', 'dresser']","[6, 8]","['the', 'bookshelf', 'that', 'is', 'in', 'the', 'middle', 'of', 'the', 'desk', 'and', 'the', 'dresser']",sr3d,True,True,True
scene0385_00,16,[15],choose the pillow that is closer to the cabinet,scene0385_00-pillow-2-16-15,horizontal,closest,pillow,['cabinet'],[10],"['choose', 'the', 'pillow', 'that', 'is', 'closer', 'to', 'the', 'cabinet']",sr3d,True,True,True
scene0260_01,13,[9],find the towel that is closer to the shower,scene0260_01-towel-2-13-9,horizontal,closest,towel,['shower'],[6],"['find', 'the', 'towel', 'that', 'is', 'closer', 'to', 'the', 'shower']",sr3d,True,True,True
scene0101_01,60,[16],choose the door that is close to the light,scene0101_01-door-2-60-16,horizontal,closest,door,['light'],[72],"['choose', 'the', 'door', 'that', 'is', 'close', 'to', 'the', 'light']",sr3d,True,True,True
scene0487_00,18,[19],choose the armchair that is far from the microwave,scene0487_00-armchair-2-18-19,horizontal,farthest,armchair,['microwave'],[3],"['choose', 'the', 'armchair', 'that', 'is', 'far', 'from', 'the', 'microwave']",sr3d,True,True,True
scene0098_01,39,[32],choose the file cabinet that is far from the whiteboard,scene0098_01-file_cabinet-2-39-32,horizontal,farthest,file cabinet,['whiteboard'],[21],"['choose', 'the', 'file', 'cabinet', 'that', 'is', 'far', 'from', 'the', 'whiteboard']",sr3d,True,True,True
scene0271_01,13,[27],the backpack that is between the dresser and the radiator,scene0271_01-backpack-2-13-27,between,between,backpack,"['dresser', 'radiator']","[9, 32]","['the', 'backpack', 'that', 'is', 'between', 'the', 'dresser', 'and', 'the', 'radiator']",sr3d,True,True,True
scene0261_01,8,[18],select the sink that is far from the bathroom vanity,scene0261_01-sink-2-8-18,horizontal,farthest,sink,['bathroom vanity'],[3],"['select', 'the', 'sink', 'that', 'is', 'far', 'from', 'the', 'bathroom', 'vanity']",sr3d,True,True,True
scene0168_02,9,[38],find the bookshelf that is close to the pillow,scene0168_02-bookshelf-2-9-38,horizontal,closest,bookshelf,['pillow'],[43],"['find', 'the', 'bookshelf', 'that', 'is', 'close', 'to', 'the', 'pillow']",sr3d,True,True,True
scene0178_00,1,[0],the person that is near the window,scene0178_00-person-2-1-0,horizontal,closest,person,['window'],[27],"['the', 'person', 'that', 'is', 'near', 'the', 'window']",sr3d,True,True,True
scene0476_00,23,[27],select the keyboard that is far away from the backpack,scene0476_00-keyboard-2-23-27,horizontal,farthest,keyboard,['backpack'],[11],"['select', 'the', 'keyboard', 'that', 'is', 'far', 'away', 'from', 'the', 'backpack']",sr3d,True,True,True
scene0238_01,15,"[1, 22]",choose the file cabinet that is farthest from the person,scene0238_01-file_cabinet-3-15-1-22,horizontal,farthest,file cabinet,['person'],[28],"['choose', 'the', 'file', 'cabinet', 'that', 'is', 'farthest', 'from', 'the', 'person']",sr3d,True,True,True
scene0547_00,3,"[32, 49]",the shelf that is far away from the ladder,scene0547_00-shelf-3-3-32-49,horizontal,farthest,shelf,['ladder'],[39],"['the', 'shelf', 'that', 'is', 'far', 'away', 'from', 'the', 'ladder']",sr3d,True,True,True
scene0537_00,14,[6],the lamp that is closer to the table,scene0537_00-lamp-2-14-6,horizontal,closest,lamp,['table'],[7],"['the', 'lamp', 'that', 'is', 'closer', 'to', 'the', 'table']",sr3d,True,True,True
scene0210_00,4,[13],find the cabinets that are far from the microwave,scene0210_00-cabinets-2-4-13,horizontal,farthest,cabinets,['microwave'],[26],"['find', 'the', 'cabinets', 'that', 'are', 'far', 'from', 'the', 'microwave']",sr3d,True,True,True
